15,235 North Street,Macon,GA,31206
18,7098 Industrial Highway,Macon,GA,31216
32,5490 Thomaston Road,Macon,GA,31220
35,4580 N. Mumford Road,Macon,GA,31210
37,5553 Bloomfield Road,Macon,GA,31206
55,"6080 Lakeside Commons Drive, Suite B",Macon,GA,31210
56,"318 Corporate Parkway, Suite 302",Macon,GA,31210
60,"577 Mulberry Street, Suite 1410",Macon,GA,31201
61,"250 Charter Lane, Suite 100",Macon,GA,31210
72,2763 Old Gray Hwy,Macon,GA,31211
86,1780 Jennifer Drive,Macon,GA,31206
88,5472 New Forsyth Road,Macon,GA,31210
113,"2440 Ingleside Avenue, Suite C",Macon,GA,31204
123,607 Lower Poplar Street,Macon,GA,31201
128,4795 Riverside Drive Suite A,Macon,GA,31210
140,"277 Martin Luther King Jr.  Blvd., Suite 201",Macon,GA,31201
152,484 Mulberry Street,Macon,GA,31201
201,6401 Hawkinsville Road,Macon,GA,31216
202,1172 Hightower Road,Macon,GA,31206
205,4810 Mercer University Drive,Macon,GA,31210
214,443 Sixth Street,Macon,GA,31201
217,2481 Rocky Creek Road,Macon,GA,31206
218,"3920 Arkwright Road, Suite 200",Macon,GA,31210
222,3305 Northside Drive,Macon,GA,31210
228,4335 Confederate Way,Macon,GA,31217
229,150 Sessions Drive,Macon,GA,31201
234,4001 Vineville Avenue,Macon,GA,31210
239,136 College Street,Macon,GA,31201
244,3025 Pio Nono Avenue,Macon,GA,31206
246,187 Pierce Avenue,Macon,GA,31204
252,4517 Forsyth Road,Macon,GA,31210
256,"5223 Riverside Drive, Suite 102",Macon,GA,31210
260,448 Pine Street,Macon,GA,31201
287,5300 Zebulon Road,Macon,GA,31210
304,923 S. Mulberry Street,Jackson,GA,30233
305,1429 Oglethorpe Street,Macon,GA,31201
306,5430 Bowman Road,Macon,GA,31210
307,3351 Northside Drive,Macon,GA,31210
315,3250 Waterville Road,Macon,GA,31206
339,3256 Vineville Avenue,Macon,GA,31204
358,"577 Mulberry Street, Suite 1600",Macon,GA,31201
370,3990 Sheraton Drive,Macon,GA,31210
373,6601 Hawkinsville Road,Macon,GA,31216
386,3220 Riverside Drive,Macon,GA,31210
421,744 Second Street,Macon,GA,31201
432,355 Martin Luther King Jr Blvd.,Macon,GA,31201
438,"300 Mulberry Street, Suite 604",Macon,GA,31201
441,353 College Street,Macon,GA,31201
444,990 Riverside Drive,Macon,GA,31201
476,"277 Martin Luther King Blvd., Suite 202",Macon,GA,31201
490,"577 Mulberry Street, Suite 1100",Macon,GA,31201
494,891 Gray Highway,Macon,GA,31211
508,5671 Calvin Drive,Macon,GA,31210
510,325 Fifth Street,Macon,GA,31201
526,1005 State University Drive,Fort Valley,GA,31030
550,4131 Broadway,Macon,GA,31206
554,4690 North Mumford Road,Macon,GA,31210
559,"3920 Arkwright Road, Suite 375",Macon,GA,31210
560,1620 Bass Road,Macon,GA,31210
571,960 Key Street,Macon,GA,31204
573,301 Cherry Street,Macon,GA,31201
581,514 Hillcrest Industrial Blvd.,Macon,GA,31204
583,2448 Industrial Park Drive,Macon,GA,31216
592,5171 Eisenhower Parkway,Macon,GA,31206
597,4295 Ocmulgee East Blvd.,Macon,GA,31295
601,651 Mulberry Street,Macon,GA,31201
614,251 South Street,Macon,GA,31206
623,807 Forsyth Street,Macon,GA,31201
624,350 Hospital Drive,Macon,GA,31217
627,818 Forsyth Street,Macon,GA,31201
631,400 Charter Blvd.,Macon,GA,31210
658,"Highridge Centre 3920 Arkwright Road, Suite 375",Macon,GA,31210
659,4312 Interstate Drive,Macon,GA,31210
660,"778 Riverside Drive, Suite B",Macon,GA,31201
676,4571 Arkwright Road,Macon,GA,31210
693,"577 Mulberry Street, Suite 1610",Macon,GA,31201
699,510 Pio Nono Avenue,Macon,GA,31204
700,93 Gateway Drive,Macon,GA,31210
702,536 New Street,Macon,GA,31201
705,251 Idle Hour Drive,Macon,GA,31210
719,"330 Hospital Drive, Bldg C, Suite 200",Macon,GA,31217
729,4781 Riverside Drive,Macon,GA,31210
733,"231 Riverside Drive, Suite 100",Macon,GA,31201
737,768 Cherry Street,Macon,GA,31201
744,"435 Second Street, Suite 500",Macon,GA,31201
745,972 Wesleyan Drive,Macon,GA,31210
755,446 Third Street Suite B,Macon,GA,31201
758,794 Cherry Street,Macon,GA,31201
762,3695 Mercer University Drive,Macon,GA,31204
786,4120 Arkwright Road,Macon,GA,31210
798,"201 Second Street, Suite 1202",Macon,GA,31201
812,7705 N.E. Industrial Blvd.,Macon,GA,31216
831,"389 Mulberry Street, Suite 100",Macon,GA,31201
832,450 Martin Luther King Jr. Blvd.,Macon,GA,31201
834,4490 Ocmulgee East Blvd.,Macon,GA,31217
836,690 Holt Avenue,Macon,GA,31204
839,4664 Sheraton Drive,Macon,GA,31210
841,7600 Industrial Highway,Macon,GA,31216
842,1600 Forsyth Street,Macon,GA,31201
844,790 Second Street,Macon,GA,31201
848,3263 Vineville Avenue,Macon,GA,31204
853,"6501 Peake Road, Suite 350",Macon,GA,31210
858,100 University Parkway,Macon,GA,31206
860,100 Graphic Packing International Way,Macon,GA,31206
865,1083 Washington Avenue,Macon,GA,31201
876,3708 Northside Drive,Macon,GA,31210
879,444 Plum Street,Macon,GA,31201
883,2140 Seventh Street,Macon,GA,31206
885,3300 Macon Tech Drive,Macon,GA,31206
904,2995 Hillcrest Avenue,Macon,GA,31204
907,240 Third Street,Macon,GA,31202
911,"915 Hill Park, Suite 101",Macon,GA,31201
912,"300 Mulberry Street, Suite 300",Macon,GA,31201
913,479 Second Street,Macon,GA,31201
916,"MSC # 115, 777 Hemlock Street",Macon,GA,31201
918,5925 Zebulon Road,Macon,GA,31210
919,3797 Northside Drive,Macon,GA,31210
922,3780 Eisenhower Parkway,Macon,GA,31206
925,"3330 Northside Drive, Suite 100",Macon,GA,31210
927,777 Hemlock Street,Macon,GA,31201
929,2490 Riverside Drive,Macon,GA,31204
930,1650 Hardeman Avenue,Macon,GA,31204
932,888 Pine Street,Macon,GA,31201
935,635 Pio Nono Avenue,Macon,GA,31204
938,484 Mulberry Street #220,Macon,GA,31201
939,175 Emery Highway,Macon,GA,31217
940,1501 Mercer University Drive,Macon,GA,31207
941,135 Osigian Boulevard,Warner Robins,GA,31088
944,"3920 Arkwright Road, Suite 300",Macon,GA,31210
947,304 Pierce Avenue,Macon,GA,31204
958,"124 Osigian Blvd., Suite A",Warner Robins,GA,31088
959,6869 Columbus Road,Lizella,GA,31052
974,7560 Industrial Highway,Macon,GA,31206
978,4359 Pio Nono Avenue,Macon,GA,31206
998,851 Orange Street,Macon,GA,31201
999,577 Mulberry Street Suite 1100,Macon,GA,31201
1001,3095 Vineville Avenue,Macon,GA,31204
1007,1942 Heritage Blvd,Robins AFB,GA,31098
1008,4182 Forsyth Road,Macon,GA,31210
1010,1347 Georgia Avenue,Macon,GA,31201
1015,201 North Macon Street,Macon,GA,31210
1022,555 Poplar Street,Macon,GA,31201
1036,1207 Emery Highway,Macon,GA,31217
1039,316 Corporate Parkway,Macon,GA,31210
1068,"201 Second Street, Suite 960 P.O. Box 13297",Macon,GA,31208
1069,7979 NE Industrial Blvd,Macon,GA,31216
1077,"577 Mulberry Street, Suite 830",Macon,GA,31201
1090,"107 Gateway Drive, Suite B",Macon,GA,31210
1094,102 Preston Court,Macon,GA,31210
1109,660 Allied Industrial Blvd.,Macon,GA,31206
1117,6600 Hawkinsville Road,Macon,GA,31216
1122,P.O. Box 397 8 N Winston Street,Reynolds,GA,31076
1127,835 Hillcrest Industrial Blvd.,Macon,GA,31204
1137,3312 Northside Drive Suite D100,Macon,GA,31210
1146,2500 Gray Highway,Macon,GA,31211
1149,3900 Sheraton Drive,Macon,GA,31210
1153,6320 Peake Road,Macon,GA,31220
1156,293 River North Blvd.,Macon,GA,31211
1169,4245 Log Cabin Drive,Macon,GA,31204
1181,4313 Pio Nono Avenue,Macon,GA,31206
1186,440 Joe Tamplin Industrial Blvd.,Macon,GA,31217
1187,1330 Forsyth Street,Macon,GA,31201
1200,"3344 Peachtree Road, Suite 2150",Atlanta,GA,30326
1202,2949 Joycliff Road,Macon,GA,31211
1208,279 Reid Street,Macon,GA,31206
1211,4219 Forsyth Road,Macon,GA,31210
1213,4699 Log Cabin Drive,Macon,GA,31204
1214,614 Shurling Drive,Macon,GA,31211
1215,700 Walnut Street,Macon,GA,31201
1216,4315 Hartley Bridge Road,Macon,GA,31216
1228,1572 Schofield Street,Macon,GA,31201
1231,2618 Riverside Drive,Macon,GA,31204
1232,2614 Riverside Drive,Macon,GA,31204
1244,6717 Hawkinsville Road,Macon,GA,31206
1250,1419 Bass Road,Macon,GA,31210
1252,"1030 Georgia Avenue, Room 106",Macon,GA,31201
1260,2135 Broadway,Macon,GA,31206
1261,441 Lower Boundary Street,Macon,GA,31206
1283,6010 Peake Road,Macon,GA,31220
1287,577 Third Street,Macon,GA,31201
1292,"4124 Arkwright Road, Suite 1",Macon,GA,31210
1300,"5512 Thomaston Road, Suite A",Macon,GA,31220
1302,111 Trojan Trail,Macon,GA,31210
1307,3041 Vineville Avenue,Macon,GA,31204
1308,165 First Street,Macon,GA,31201
1310,686 Poplar Street,Macon,GA,31201
1312,5082 Forsyth Road,Macon,GA,31210
1317,4700 Ivey Drive,Macon,GA,31206
1321,310 West Clinton Street,Gray,GA,31032
1322,117 Preston Court,Macon,GA,31210
1330,2451 Allen Road,Macon,GA,31216
1331,606 Cherry Street,Macon,GA,31201
1333,2998 Riverside Drive,Macon,GA,31204
1334,3600 Mercer University Drive,Macon,GA,31204
1336,5928 Zebulon Road,Macon,GA,31210
1340,1104 Gray Highway,Macon,GA,31211
1341,3625 Pio Nono Avenue,Macon,GA,31206
1344,310 Cherry Street,Macon,GA,31201
1346,P.O. Box 6968,Warner Robins,GA,31095
1357,"277 Martin Luther King Jr. Blvd, Suite 301",Macon,GA,31201
1381,599 Martin Luther King Jr. Blvd.,Macon,GA,31201
1382,1314 Gray Highway,Macon,GA,31211
1384,301 Poplar Street,Macon,GA,31201
1388,850 Walnut Street,Macon,GA,31201
1389,4038 I-475 Industrial Blvd.,Macon,GA,31210
1393,2056 Paul Walsh Drive,Macon,GA,31206
1394,2510 Allen Road,Macon,GA,31216
1396,2379 Ingleside Avenue,Macon,GA,31204
1397,2760 Roff Avenue,Macon,GA,31204
1404,4760 Forsyth Road,Macon,GA,31210
1409,2108 Avondale Mill Road,Macon,GA,31216
1433,"348 Cotton Avenue, Suite 500",Macon,GA,31201
1434,"1515 Bass Road, Suite B",Macon,GA,31210
1443,3340 Chestney Road,Macon,GA,31217
1446,2020 Riverside Drive,Macon,GA,31204
3149,"544 Mulberry Street, Suite 1000",Macon,GA,31201
3280,4326 Interstate Drive,Macon,GA,31210
3306,5816 Columbus Road,Macon,GA,31206
3482,1550 College Street,Macon,GA,31208
3766,6931 US Highway 41,Macon,GA,31210
4023,436 Cotton Avenue,Macon,GA,31201
4082,109 B Macon West Drive,Macon,GA,31210
4115,3040 Vineville Avenue,Macon,GA,31204
4674,"152 Spring Street, Lower Level",Macon,GA,31201
5172,7400 Airport Drive,Macon,GA,31216
8292,"4611 Ivey Drive, Suite 400",Macon,GA,31206
8307,49 College Street,Macon,GA,31202
8345,124 Third Street,Macon,GA,31201
8459,540 Hemlock Street,Macon,GA,31201
8508,111 Perimeter Parkway,Macon,GA,31210
8510,1019 Riverside Drive,Macon,GA,31201
8525,1126 Riverside Drive,Macon,GA,31201
8527,133 Ward Street,Macon,GA,31204
8534,2942 Vineville Avenue,Macon,GA,31204
8580,221 S. Main Street,Toomsboro,GA,31090
8595,2670 Roff Avenue,Macon,GA,31204
8663,505 Industrial Way East,Macon,GA,31217
8678,4066 Hartley Bridge Road,Macon,GA,31216
8762,5811 Zebulon Road,Macon,GA,31210
8875,5444 Riverside Drive,Macon,GA,31210
8887,2476 Vineville Avenue,Macon,GA,31204
8943,115 Milledgeville Road,Gordon,GA,31031
9343,4468 Forsyth Road,Macon,GA,31210
9451,"231 Riverside Drive, Suite 105",Macon,GA,31201
9457,770 Walnut Street,Macon,GA,31201
9480,1301 Riverside Drive,Macon,GA,31201
9490,"3951 Ridge Avenue, Suite A",Macon,GA,31210
9606,"101 Preston Court, Suite 101",Macon,GA,31210
9647,"3920 Arkwright Road, Suite 100",Macon,GA,31210
9939,"1000 Terminal Drive, Suite 100",Macon,GA,31216
10144,1644 Bass Road,Macon,GA,31210
10313,505 Coliseum Drive,Macon,GA,31217
10349,1965 Adkins Place,Macon,GA,31217
10364,4357 Forsyth Road,Macon,GA,31210
10480,1134 Buckeye Road,E. Dublin,GA,31027
10482,640 Second Street,Macon,GA,31201
10491,535 Coliseum Drive,Macon,GA,31217
10495,473 Third Street,Macon,GA,31201
10521,830 High Street,Macon,GA,31201
10534,213 Third Street,Macon,GA,31201
10537,3448 Vineville Avenue,Macon,GA,31204
10786,"4875 Riverside Drive, Suite 100",Macon,GA,31210
10885,6420 Moseley Dixon Road,Macon,GA,31220
10893,"440 Martin Luther King, Jr. Blvd.",Macon,GA,31201
10916,3205 Hartley Bridge Road,Macon,GA,31216
10918,3318 Vineville Avenue,Macon,GA,31204
10919,5999 Zebulon Road,Macon,GA,31210
10927,1201 Seventh Street,Macon,GA,31201
10932,"1760 Bass Road, Suite 200A",Macon,GA,31210
10975,6000 Thomaston Road,Macon,GA,31220
11026,3600 Riverside Drive,Macon,GA,31210
11027,1220 Stadium Drive,Macon,GA,31204
11035,4375 Mead Road,Macon,GA,31206
11107,3150 Avondale Mill Road,Macon,GA,31206
11114,5191 Columbus Road,Macon,GA,31206
11116,4515 Pio Nono Avenue,Macon,GA,31206
11193,543 Cherry Street,Macon,GA,31201
11337,509 Hillcrest Ind. Blvd.,Macon,GA,31204
11354,4040 Vineville Avenue,Macon,GA,31210
11364,225 Baker Street NW,Atlanta,GA,30313
11393,600 Guy Paine Road,Macon,GA,31206
11479,382 Second Street,Macon,GA,31201
11491,4740 Log Cabin Drive,Macon,GA,31204
11494,560 Arlington Place,Macon,GA,31201
11542,4460 Broadway,Macon,GA,31206
11545,400 Poplar Street,Macon,GA,31201
11564,2000 Bowman Road,Macon,GA,31210
11574,7749 Delta Drive,Macon,GA,31216
11617,1530 Mercer University Dr,Macon,GA,31204
11679,"4123 Forsyth Road, Suite I",Macon,GA,31210
11699,3957 River Place Drive,Macon,GA,31210
11701,1514 Bass Road,Macon,GA,31210
11732,240 Coliseum Drive,Macon,GA,31217
11777,"577 Mulberry Street, Suite 1200",Macon,GA,31201
11783,515 Mulberry Street,Macon,GA,31201
11852,"1057 Parkway Drive, Suite A",Macon,GA,31220
11865,660 Peavy Road,Byron,GA,31088
11956,200 Pierce Avenue,Macon,GA,31204
11964,2321 Vineville Avenue,Macon,GA,31204
37237,221 Industrial Park,Perry,GA,31069
37417,"125 Plantation Centre Drive S, Bldg. 400 B",Macon,GA,31210
37512,4630 Sheraton Drive,Macon,GA,31210
37539,3663 Vineville Avenue,Macon,GA,31204
37645,"544 Mulberry Street, Suite 418",Macon,GA,31201
37665,1918 Forsyth Street,Macon,GA,31201
37712,2306 Lasseter Place,Macon,GA,31204
37803,"175 Tom Hill Senior Blvd., Suite 201",Macon,GA,31210
56034,590 D.T. Walton Senior Way,Macon,GA,31201
56040,"3888 Northside Drive, Suite B",Macon,GA,31210
56053,3155 Franklinton Road,Dry Branch,GA,31020
56082,150 Sessions Drive,Macon,GA,31201
56270,1228 Watson Boulevard,Warner Robins,GA,31093
56297,4511 Forsyth Road,Macon,GA,31210
56315,331 Third Street,Macon,GA,31201
56678,"4875 Riverside Drive, Suite 200",Macon,GA,31210
56788,"5080 Riverside Drive, # 1500",Macon,GA,31210
56817,"4875 Riverside Drive, Suite 202",Macon,GA,31210
56827,2560 Beech Avenue,Macon,GA,31204
56839,1421 B Rocky Creek Road,Macon,GA,31206
57075,4961 Forsyth Road,Macon,GA,31210
57129,1611 Bass Road,Macon,GA,31210
57175,794 Cherry Street,Macon,GA,31201
57197,"4009 Vineville Avenue, Suite B",Macon,GA,31210
57222,353 Robins West Parkway,Warner Robins,GA,31088
57277,121 Perimeter Parkway,Macon,GA,31210
57312,151 Tractor Drive,Macon,GA,31216
57361,3661 Eisenhower Parkway,Macon,GA,31206
57413,461 Third Street,Macon,GA,31201
57422,950 3rd Street,Macon,GA,31201
57462,4321- C Interstate Drive,Macon,GA,31210
57517,543 Cherry Street,Macon,GA,31201
57572,5000 Mercer University Drive,Macon,GA,31210
57597,"4420 Forsyth Road, Suite 180",Macon,GA,31210
57606,1091 Overlook Parkway,Macon,GA,31210
57614,150 North Crest Boulevard,Macon,GA,31210
57786,2081 Bethlea Avenue,Macon,GA,31204
57894,4390 Interstate Drive,Macon,GA,31210
58017,3283 Vineville Avenue,Macon,GA,31204
58039,91 W Johnson St,Forsyth,GA,31029
58052,1535 Bass Road,Macon,GA,31210
58090,"1212 Gray Highway, Suite E",Macon,GA,31211
58104,4008 Vineville Avenue,Macon,GA,31210
58202,915 Hill Park Suite 101,Macon,GA,31201
58307,"2800 Old Dawson Road, # 299",Albany,GA,31707
58346,502 Cherry Street,Macon,GA,31201
58393,P.O. Box 467,Americus,GA,31709
58592,5980 Zebulon Road,Macon,GA,31210
58635,"640 Martin Luther King, Jr. Blvd., Suite 200",Macon,GA,31201
58686,102 Tommy Stalnaker Drive,Warner Robins,GA,31088
58738,1809 Hardeman Avenue,Macon,GA,31201
58747,"153 Gateway Drive, Suite B",Macon,GA,31210
58753,3323 Northside Drive,Macon,GA,31210
58754,4361 Rivoli Drive,Macon,GA,31210
58780,354 Pine Street Lane,Macon,GA,31201
58798,"5797 Houston Road, Suite F",Macon,GA,31216
58860,910 Riverside Drive,Macon,GA,31201
58873,P.O. Box 929,Macon,GA,31202
59035,5665 New Forsyth Road,Macon,GA,31210
59061,4290 Hartley Bridge Road,Macon,GA,31216
59368,4070 Forsyth Road,Macon,GA,31210
59576,5780 Houston Road,Macon,GA,31216
59669,101 Lillian Drive,Macon,GA,31217
59680,3268 Avondale Mill Road,Macon,GA,31216
59701,1720 Highway 49 N,Byron,GA,31008
59710,3051 Kumho Parkway,Macon,GA,31216
59750,777 Walnut Street,Macon,GA,31201
59948,2950 Heath Road,Macon,GA,31206
60047,1602 Montpelier Avenue,Macon,GA,31206
60140,2960 Napier Avenue,Macon,GA,31204
60257,2800 Riverside Drive,Macon,GA,31204
60262,338 Poplar Street,Macon,GA,31201
60296,2015 Felton Avenue,Macon,GA,31201
60313,"544 Mulberry Street, Suite 301",Macon,GA,31201
60422,"577 Mulberry Street, Suite 909",Macon,GA,31201
60529,63 West Adams Street,Forsyth,GA,31029
60533,2200 Northside Crossing,Macon,GA,31210
60540,4875 Riverside Drive Suite 201,Macon,GA,31210
60580,"577 Mulberry Street, Suite 1515",Macon,GA,31201
60585,93 Gateway Drive,Macon,GA,31210
60661,1445 Georgia Avenue,Macon,GA,31201
60663,778 C Riverside Drive,Macon,GA,31201
60679,117 Pat Joiner Blvd.,Byron,GA,31008
60722,2904 Vineville Avenue,Macon,GA,31204
60743,4318 Sheraton Drive,Macon,GA,31210
60896,"201 Sheraton Boulevard, Suite B",Macon,GA,31210
60900,484 Second Street,Macon,GA,31201
60996,4420 Forsyth Road Suite 190,Macon,GA,31210
61195,576 Poplar Street,Macon,GA,31201
61210,1190 Frank Amerson Parkway,Macon,GA,31216
61288,4373 Houston Avenue,Macon,GA,31206
61445,200 Third Street,Macon,GA,31201
61503,"250 Martin Luther King Jr. Blvd., Suite 200",Macon,GA,31201
61516,1641 Eisenhower Parkway,Macon,GA,31206
61528,"4611 Ivey Drive, Suite 200",Macon,GA,31206
61535,"2140 Riverside Drive, Suite B",Macon,GA,31204
61551,"5437 Bowman Road, Suite 314",Macon,GA,31210
61555,"787 Hillcrest Industrial Blvd., Suite J",Macon,GA,31204
61609,3576 Pio Nono Avenue,Macon,GA,31206
61612,225 Willie Smokie Glover Drive,Macon,GA,31201
61628,"6501 Peake Road, Suite 1000",Macon,GA,31210
61652,"1090 Washington Avenue, Suite 114",Macon,GA,31201
61679,121 N Crest Blvd.,Macon,GA,31210
61745,117 Industrial Blvd Suite N,Gray,GA,31032
61765,1510 Mercer University Drive,Macon,GA,31204
61769,2385 Vineville Avenue,Macon,GA,31204
61774,790 Fulton Street,Macon,GA,31206
61907,5555 New Forsyth Road,Macon,GA,31210
61912,"5429 Bowman Road, Suite 110",Macon,GA,31210
61944,2303 Seventh Street,Macon,GA,31202
62003,484 Cherry Street,Macon,GA,31201
62031,P.O. Box 26551,Macon,GA,31221
62083,115 Forest Hill Road,Macon,GA,31210
62085,600 Guy Paine Road Bldg 106,Macon,GA,31206
62124,1897 Allen Road,Macon,GA,31216
62163,"308 Coliseum Drive, Suite 200",Macon,GA,31217
62188,555 5th Street,Macon,GA,31201
62205,100 YKK AP Way,Macon,GA,31216
62314,240 North Macon Street,Macon,GA,31210
62344,479 Cherry Street,Macon,GA,31201
62387,6070 Lakeside Commons Drive,Macon,GA,31210
62486,"201 Second Street, Suite 1100",Macon,GA,31201
62519,7067 Cochran Field Road,Macon,GA,31216
62663,4408 Houston Avenue,Macon,GA,31216
62670,419 College Drive,Barnesville,GA,30204
62722,1520 Bass Road,Macon,GA,31210
62740,"4634 Presidential Parkway, Suite R",Macon,GA,31206
62885,"544 Mulberry Street, Suite 903",Macon,GA,31201
62927,111 B Gateway Drive,Macon,GA,31210
62933,"484 First Street, Suite 1",Macon,GA,31201
62935,"777 Hemlock Street, MSC 104",Macon,GA,31201
62986,610 North Avenue Suite F,Macon,GA,31211
63009,4563 Knight Road,Macon,GA,31220
63017,3075 Vineville Avenue,Macon,GA,31204
63036,"308 Coliseum Drive, Suite 100",Macon,GA,31217
63069,4315 Fulton Mill Road,Macon,GA,31216
63115,"3040 Riverside Drive, Suite D-5",Macon,GA,31210
63204,4509 Knight Road,Macon,GA,31220
63271,844 Hamlin Road,Lizella,GA,31052
63293,"1111 E Tennessee Street, Suite 100",Tallahassee,FL,32308
63367,1836 Broadway,Macon,GA,31201
63379,1302 Gray Highway,Macon,GA,31211
63384,2004 Riverside Drive,Macon,GA,31204
63388,8323 Rivoli Road,Juliette,GA,31046
63421,3439 Fulton Mill Road,Macon,GA,31216
63431,"401 Cherry Street, Suite 701",Macon,GA,31201
63442,4104 Arkwright Road,Macon,GA,31210
63535,"4931 Riverside Drive, Suite 400B",Macon,GA,31210
63536,1676 Bass Road,Macon,GA,31210
63578,3035 Hartley Bridge Road,Macon,GA,31216
64597,3094 Broadway,Macon,GA,31206
65621,"3920 Arkwright Road, Suite 165",Macon,GA,31210
65648,1207 Clairmont Place,Macon,GA,31204
66684,6030 Lake Commons Drive,Macon,GA,31210
66717,"4931 Riverside Drive, Suite 200 A",Macon,GA,31210
67813,300 Northside Crossing,Macon,GA,31210
67832,543 Cherry Street,Macon,GA,31201
67857,115 Arkwright Landing,Macon,GA,31210
67873,107 Providence Boulevard,Macon,GA,31210
67961,436 GA Highway 247 S.,Bonaire,GA,31005
67980,100 Waste Research Drive,Macon,GA,31206
68000,240 Mercer Junction,Macon,GA,31210
68060,Call For More Information,Macon,GA,31201
68104,"3220 Riverside Drive, Suite A310",Macon,GA,31210
68188,401 Cotton Avenue,Macon,GA,31201
68208,10165 Lower Thomaston Road,Macon,GA,31220
69241,"577 Mulberry Street, Suite 705",Macon,GA,31201
69314,P.O. Box 5184,Macon,GA,31208
69323,2186 Ingleside Avenue,Macon,GA,31204
70335,631 S. Houston Lake Road Suite 400,Warner Robins,GA,31088
70486,Call For More Information,Macon,GA,
71555,"6501 Peake Road, Bldg. 500",Macon,GA,31210
71562,567 Plum Street,Macon,GA,31201
71576,314 Corder Road,Warner Robins,GA,31088
71582,3108 Mercer University Drive,Macon,GA,31204
71607,4385 Pio Nono Avenue,Macon,GA,31206
71612,850 Hillcrest Industrial Blvd.,Macon,GA,31204
71618,459 GA Highway 247 S,Bonaire,GA,31005
71644,1825 Pennsylvania Avenue,McDonough,GA,30253
71662,"5791 Zebulon Road, Suite A",Macon,GA,31210
71668,"500A Northside Crossing, Suite #31",Macon,GA,31210
71700,4358 Riverside Drive,Macon,GA,31210
71709,1412 Bass Road,Macon,GA,31210
71735,125 Plantation Centre Drive Suite 800A,Macon,GA,31210
71743,220 NW Industrial Blvd,Macon,GA,31216
71750,2939 McManus Road,Macon,GA,31220
71782,"4341 Interstate Drive, Suite B",Macon,GA,31210
71832,304 Moore Road,Macon,GA,31220
71838,305 Third Street,Macon,GA,31201
72848,150 College Street,Macon,GA,31201
72852,1501 Bass Road,Macon,GA,31210
72870,351 Otis Redding Drive,Hillsboro,GA,31038
72876,302 Bella Notte,Warner Robins,GA,31088
72878,56 Broad Street,Hawkinsville,GA,31036
72906,1018 South Wood Drive,Okmulgee,OK,74447
72916,1286 Hwy 96 East,Jeffersonville,GA,31044
72926,350 Second Street,Macon,GA,31201
72928,"540 Martin Luther King, Jr. Boulevard",Macon,GA,31201
72930,P.O. Box 4141,Macon,GA,31208
72938,760 Commerce Street,Perry,GA,31069
72971,"4658 Presidential Parkway, #1318",Macon,GA,31206
72975,419 Cherry Street,Macon,GA,31201
72993,141 Martin Luther King Jr Blvd,Macon,GA,31201
74007,"2020 Russell Parkway, Suite A",Warner Robins,GA,31088
74024,5020 Mercer University Drive,Macon,GA,31210
74026,843 Poplar Street,Macon,GA,31201
74028,"89 Sandy Run Road, Suite 500",Bonaire,GA,31005
74054,224 Highway 49 South,Byron,GA,31008
74057,222 Highway 49 South,Byron,GA,31008
74058,397 Bobbie Circle,Byron,GA,31008
74061,2632 Roff Avenue,Macon,GA,31204
74073,"5962 Zebulon Road, #235",Macon,GA,31210
74079,233 Belvedere Drive,Macon,GA,31204
74090,456 Bay Street,Macon,GA,31201
74096,501 Walnut Street 2nd Floor,Macon,GA,31201
74099,6060 Lakeside Commons Drive,Macon,GA,31210
74106,2020 Bowman Park,Macon,GA,31210
74113,609 Cherry Street,Macon,GA,31201
74147,1417 Nottingham Drive,Macon,GA,31211
74149,411 Holt Avenue,Macon,GA,31204
74154,901-A Washington Avenue,Macon,GA,31201
74160,4420 Forsyth Road,Macon,GA,31202
74161,17 W. Johnston Street,Macon,GA,31029
75161,4705 Northside Drive Suite 100,Macon,GA,31210
75167,5433 Bowman Road,Macon,GA,31210
75185,7536 Knoxville Road,Lizella,GA,31052
75240,619 Poplar Street,Macon,GA,31201
75296,"3424 Peachtree Road NE, Suite 2300",Atlanta,GA,30326
75298,496 Second Street,Macon,GA,31201
75313,2404 Moody Road,Warner Robins,GA,31088
75387,3076 Riverside Drive,Macon,GA,31210
75389,1000 Terminal Drive,Macon,GA,31216
75391,343 Plantation Way,Macon,GA,31210
75393,3661 Eisenhower Parkway,Macon,GA,31206
75398,1027 Linden Avenue,Macon,GA,31201
75417,"4295 Interstate Drive, Suite-A",Macon,GA,31210
76424,1230 Duke Road,Fort Valley,GA,31030
76430,103 Westridge Drive,Warner Robins,GA,31088
76436,1501 Mercer University Drive,Macon,GA,31207
76440,672 1st Street,Macon,GA,31201
76443,"657 Hemlock Street, Suite 221",Macon,GA,31201
76470,9221 GA Highway 57,McIntyre,GA,31054
76493,P.O. Box 5395,Macon,GA,31208
76507,"5400 Riverside Drive, Suite 205",Macon,GA,31210
76515,1552-C Rocky Creek Road,Macon,GA,31206
76522,505 Hillcrest Industrial Blvd,Macon,GA,31204
76524,2000 Schilling Avenue,Albany,GA,31705
76534,300 NW Industrial Boulevard,Macon,GA,31216
76537,830 High Street,Macon,GA,31201
76546,135 Macon W Drive,Macon,GA,31210
76575,8249 Rivoli Road,Juliette,GA,31046
76580,4675 Sheraton Drive,Macon,GA,31210
76618,2605 Circle 75 Parkway SE,Atlanta,GA,30339
76635,120 North Crest Boulevard Suite C,Macon,GA,31210
76639,200 Coliseum Drive,Macon,GA,31217
76641,P.O. Box 6741,Macon,GA,31208
76647,1675 Montpelier Avenue,Macon,GA,31201
76668,231 W Hancock Street,Milledgeville,GA,31061
76679,776 North Avenue,Macon,GA,31211
76683,5791 Zebulon Road,Macon,GA,31210
76690,"4524 Forsyth Road, Suite 106",Macon,GA,31210
76703,"155 Westridge Parkway, Suite 213",McDonough,GA,30253
76707,"446 Poplar Street, Suite B",Macon,GA,31201
76711,1083 Washington Avenue,Macon,GA,31201
76716,"6501 Peake Road, Bldg 1100",Macon,GA,31210
76724,6020 Zebulon Road,Macon,GA,31210
76728,427 8th Street,Macon,GA,31201
76733,3037 Airport East Road,Macon,GA,30135
76765,5844 Columbus Road,Macon,GA,31206
76776,116 Wembley Drive,Warner Robins,GA,31088
77784,4875 Log Cabin Drive,Macon,GA,31204
77790,335 Charter Boulevard,Macon,GA,31210-4863
77792,2022 15th Avenue,Columbus,GA,31901
77797,2404 Pio Nono Avenue,Macon,GA,31206
77799,544 Mulberry Street Suite 901D,Macon,GA,31201
77812,5920 Zebulon Road,Macon,GA,31210
77830,1250 Eisenhower Parkway,Macon,GA,31210
77833,5471 Thomaston Road,Macon,GA,31220
77840,5171 Bowman Road,Macon,GA,31210
77844,5080 Riverside Drive Suite 334,Macon,GA,31210
77864,2242 Ingleside Avenue,Macon,GA,31204
77907,5001 Mercer University Drive,Macon,GA,31210
77909,3065 Vineville Avenue,Macon,GA,31204
77913,4705 Northside Drive Suite 400,Macon,GA,31210
77915,120 Willingham Drive,Juliette,GA,31046
77917,656 Manning Mill,Macon,GA,31216
77931,3051 Vineville Avenue,Macon,GA,31204
77966,1525 Forsyth Street,Macon,GA,31201
77970,4580 Sheraton Drive,Macon,GA,31210
78001,P.O. Box 339,Bolingbroke,GA,31046
78069,4665 Twin Oak Drive,Macon,GA,31210
78083,"201 Second Street, Suite 1010",Macon,GA,31201
78115,2429 Gillionville Road,Albany,GA,31707
78117,"1448 Bass Road, Suite 1107",Macon,GA,31210
78127,"1448 Bass Road, Suite 1101",Macon,GA,31210
78130,"515 Mulberry Street, Suite 201",Macon,GA,31201
78132,P.O. Box 26062,Macon,GA,31221
78146,4164 Jones Road,Macon,GA,31216
78148,"6255 Zebulon Road, Suite 180",Macon,GA,31210
78150,588 Mulberry Street,Macon,GA,31201
78153,234 Tom Hill Sr Boulevard,Macon,GA,31210
78157,"761 Poplar Street, Suite 2H",Macon,GA,31201
78160,"201 Sheraton Boulevard, Suite A",Macon,GA,31210
78167,1470 Riveredge Parkway,Sandy Springs,GA,30328
78171,"1955 Atwood Avenue, Suite 202",Madison,WI,53704
78188,"245 Tom Hill Sr. Boulevard, Suite 100B",Macon,GA,31210
78201,170 Poplar Street,Macon,GA,31201
78219,484 Mulberry Street #100,Macon,GA,31201
78220,315 S. Houston Lake,Warner Robins,GA,31088
78221,871 Warren Drive,Warner Robins,GA,31088
78235,"1080 Third Street, Suite 600B",Macon,GA,31201
78240,"536 Third Street, Suite 3",Macon,GA,31201
78267,495 Patrol Road,Forsyth,GA,31029
78271,311 Eagle Crest,Macon,GA,31211
78273,"640 Plum Street, Suite 202",Macon,GA,31201
78283,"2811 Watson Boulevard, Suite 6",Warner Robins,GA,31093
78286,P.O. Box 339,Bolingbroke,GA,31046
78312,997 Celebration Court,Locust Grove,GA,30248
78317,305 Treyburne Court,Macon,GA,31210
78321,1083 Washington Avenue,Macon,GA,31201
78324,"5429 Bowman Road, Suite 100",Macon,GA,31210
78359,1207 Emery Highway,Macon,GA,31217
78361,1015 Riverside Drive,Macon,GA,31201
78368,"2400 Herodian Way SE, Suite 220",Smyrna,GA,30080
78370,2686 Dennard Hardy Road,Gordon,GA,31031
78374,830 High Street,Macon,GA,31201
78377,"1335 Lynah Avenue, Unit 107",Savannah,GA,31408
78379,"1687 Bass Road, Suite 102",Macon,GA,31210
78402,3892 Bloomfield Village Drive,Macon,GA,31206
78411,"1000 Marietta Street NW, Suite 290",Atlanta,GA,30318
78416,613 Cherry Street,Macon,GA,31201
78426,2310 Ingleside Avenue,Macon,GA,31204
78430,651 Martin Luther King Jr. Blvd,Macon,GA,31201
78437,410 Green Fern Road,Lizella,GA,31052
78447,1125 Bond Street,Macon,GA,31201
78450,112 Wright Drive NE,Milledgeville,GA,31061
78452,4268 Interstate Drive,Macon,GA,31210
78455,3093 General Lee Road,Macon,GA,31204
78458,105 Holiday Drive North,Macon,GA,31210
78470,664 Second Street,Macon,GA,31201
78478,511 Terry Street,Warner Robins,GA,31093
78488,438 Cherry Street,Macon,GA,31201
78504,"5585 Thomaston Road, Suite 100",Macon,GA,31220
78516,"1062 Forsyth Street, Suite 2A",Macon,GA,31201
78526,2330 Patrick Henry Parkway,McDonough,GA,30253
78530,"598 3rd Street, Suite 1100",Macon,GA,31201
78535,"4649 Presidential Parkway, Suite C26",Macon,GA,31206
78538,"308 Coliseum Drive, Suite 120",Macon,GA,31217
78539,"2706 Watson Blvd, Suite D",Warner Robins,GA,31093
78541,"800 First Street, Suite #170",Macon,GA,31201
78543,"301 Margie Drive, Suite U",Warner Robins,GA,31088
78544,"3708 Northside Drive, Building B",Macon,GA,31210
78545,"3708 Northside Drive, Building A, Suite U",Macon,GA,31210
78549,1700 Shurling Drive,Macon,GA,31211
78564,1219 Timberlane Drive,Macon,GA,31210
78566,940 Haley Street,Macon,GA,31217
78568,3312 Northside Drive,Macon,GA,31210
78576,"3312 Northside Drive, Building C, Suite 161",Macon,GA,31210
78578,470 1st Street,Macon,GA,31201
78595,5962 Zebulon Road Suite 236,Macon,GA,31210
78600,525 East Taylor Street,Griffin,GA,30223
78602,"420 Charter Boulevard, Ste 420",Macon,GA,31210
78612,"5233 Riverside Drive, Suite E",Macon,GA,31210
78620,480 General Winship Dr South,Macon,GA,31204
78622,400 Foster Road,Macon,GA,31210
78633,250 Water Tower Court,Macon,GA,31210
78639,1001 Love Avenue,Tifton,GA,31794
78646,5101 Mount Pleasant Church Road,Macon,GA,31216
78671,1955 Dove Street,Macon,GA,31204
78676,"3920 Arkwright Road, Suite 380, Box 31",Macon,Georgia,31210
78681,5437 Bowman Road,Macon,GA,31210
78683,600 Lamar Road North,Macon,GA,31210
78688,6055 Lakeside Commons Drive,Macon,GA,31210
78690,855 Tolliver Place,Macon,GA,31210
78699,3115 Vineville Avenue,Macon,GA,31204
78701,4035 Sheraton Drive,Macon,GA,31210
78733,1630 Eisenhower Parkway,Macon,GA,31206
78735,105 Brieghton Court,Macon,GA,31210
78738,905 High Street,Macon,GA,31201
78740,203 South Street,Perry,GA,31069
78744,760 E. Chatham Street,Oglethorpe,GA,31068
78756,"1760 Bass Road, Suite 101",Macon,GA,31210
78758,"6310 Peake Road, # 200",Macon,GA,31210
78760,Call for More Information,Macon,GA,31220
78764,2240 7th Street,Macon,GA,31206
78772,1550 Mercer University Drive,Macon,GA,31204
78774,3388 Mogul Road,Macon,GA,31217
78777,100 N Macon Street,Macon,GA,31210
78782,168 Marshall Avenue,Macon,GA,31204
78784,150 Willie Smokie Glover Drive,Macon,GA,31201
78786,"1080 3rd Street, Suite 100",Macon,GA,31021
78793,971 Washington Avenue,Macon,GA,31201
78795,304 Pierce Avenue,Macon,GA,31204
78801,111 Providence Boulevard,Macon,GA,31210
78807,1601 Watson Boulevard,Warner Robins,GA,31093
78813,797 Saint Andrews Drive,Macon,GA,31210
78815,150 Sessions Drive,Macon,GA,31204
78818,378 2nd Street,Macon,GA,31201
78845,"151 South Houston Lake Road, Suite 100A",Warner Robins,GA,31088
78857,1305 Hardeman Avenue,Macon,GA,31201
78860,2040 Ingleside Avenue,Macon,GA,31204
78862,"915 Hill Park, Suite 100-C",Macon,GA,31201
78866,1160 Forsyth Street,Macon,GA,31201
78873,580 Cherry Street,Macon,GA,31201
78875,"6351 Zebulon Road, Suite D",Macon,GA,31220
78877,304 Moore Road,Macon,GA,31210
78889,"3955 Arkwright Road, Unit A",Macon,GA,31210
78891,Call For More Information,Macon,GA,31210
78922,161 Buford Place,Macon,GA,31204
78929,161 Buford Place,Macon,GA,31204
78946,500A Northside Crossing,Macon,GA,31210
78948,907 East 17th Avenue,Cordele,GA,31015
78950,100 Lacosta Lane,Daytona Beach,FL,32114
78953,1305 Hardeman Avenue,Macon,GA,31201-1412
78957,4658 Presidential Pkwy #1265,Macon,GA,31210
78959,3432 Mercer University Drive,Macon,GA,31204
78963,Call for More Information,Macon,GA,31210
78964,"5580 Thomaston Road, Suite 16",Macon,GA,31220
78966,724 Warm Springs Highway,Manchester,GA,31816
78969,175 Emery Highway,Macon,GA,31217
78971,"310 Hospital Drive, Suite 205",Macon,GA,31217
78974,"4357 Forsyth Rd, #250",Macon,GA,31210
78976,"5233 Riverside Drive, Suite 101",Macon,GA,31210
78978,530 Poplar Street,Macon,GA,31201
78984,"5005 Riverside Drive, Suite B",Macon,GA,31210
78988,6295 Old Skipper Road,Macon,GA,31216
78994,148 College Street,Macon,GA,31201
78996,5859 Ridge Bend Road,Memphis,TN,38120
79000,5080 Riverside Drive,Macon,GA,31210
79002,Call for More Information,Covington,GA,30016
79010,1955 Broadway Lane,Macon,GA,31206
79013,462 Cherry Street,Macon,GA,31201
79015,400 Walden Road,Forsyth,GA,31029
79021,1390 Gray Highway,Macon,GA,31211
79024,4144 Pio Nono Avenue,Macon,GA,31206
79028,42 Railroad Avenue,Forsyth,GA,31029
79030,530 Martin Luther King Jr Blvd,Macon,GA,31201
79037,Call for More Information,Macon,GA,31201
79041,"4931 Riverside Drive, Bldg. 100, Suite A",Macon,GA,31210
79047,501 Linden Court,Marshall Township,PA,16046
79052,23 Lakeside Court,Waverly,GA,31565
79067,497 Second Street,Macon,GA,31201
79092,1001 Louisiana Street,Houston,TX,77002
79096,2000 Northside Crossing,Macon,GA,31210
79098,3040 Riverside Drive Suite B4,Macon,GA,31210
79102,6443 Zebulon Road,Macon,GA,31220
79107,"1750 Keystone Street, Building A",Macon,GA,31204
79112,4540 Sheraton Drive,Macon,GA,31210
79115,886 Mulberry Street,Macon,GA,31201
79117,"4350 River Green Parkway, Suite 200",Duluth,GA,30096
79119,368 2nd Street,Macon,GA,31201-2736
79128,"551 Cherry Street, Suite 102",Macon,Georgia,31201
79130,2965 Vineville Avenue,Macon,GA,31204
79140,"1305 Hardeman Avenue, Suite #100",Macon,GA,31210
79150,"5233 Riverside Drive, Suite D",Macon,GA,31210
